ID,risk_score
KYW1,1.621569754410201
KYW2,0.4399679702184649
KYW3,-0.6338497369858741
KYW4,1.293419161285915
KYW5,-0.19851567872778164
KYW6,0.6016972420793214
KYW7,0.674692263486975
KYW8,0.08463015034979682
KYW9,0.19002507237855693
KYW10,-0.7621638652513667
KYW11,1.917533133082594
KYW12,0.42483100345425734
KYW13,0.16774803597860954
KYW14,-0.15523661600753036
KYW15,-0.19608710262829682
KYW16,-0.910335130112199
KYW17,-0.48635695305068855
KYW18,-0.5753373850291377
KYW19,1.619503464028886
KYW20,1.121770013879297
KYW21,2.599812113037002
KYW22,1.2230631947947108
KYW23,-0.024883636114773622
KYW24,2.50134433300387
KYW25,-0.10904251041791513
KYW26,-0.6951751817443599
KYW27,0.122583361307526
KYW28,-0.46717117006300724
KYW29,-0.4500781945015028
KYW30,0.40316407655738706
KYW31,-0.8022627543542036
KYW32,0.569035879943175
KYW33,1.2956495784731874
KYW34,0.1643043425214821
KYW35,3.5904366299864883
KYW36,2.782057984844104
KYW37,-0.14568851129644572
KYW38,-0.9861221889652245
KYW39,-0.7603699635267734
KYW40,0.119109345117379
KYW41,1.3538175325164672
KYW42,0.278892788662442
KYW43,0.3149577747256058
KYW44,-0.6256389787445592
KYW45,-0.6239438610631579
KYW46,-0.48476724026788787
KYW47,0.2241215033445006
KYW48,1.153652540343151
KYW49,-0.3029240286344835
KYW50,-0.7461528998209308
KYW51,0.025720729857074805
KYW52,1.8450130685472026
KYW53,-0.8333505147136787
KYW54,-0.7741851381817428
KYW55,-0.7274088402559107
KYW56,-0.9334185094203568
KYW57,-0.7325272625190584
KYW58,-0.49145509232874407
KYW59,-0.6410657465315229
KYW60,0.0
KYW61,0.14340568198301623
KYW62,0.8359247730756143
KYW63,1.19078699500084
KYW64,0.770080252893261
KYW65,-0.2837600334048376
KYW66,2.050632309439813
KYW67,1.8042740699707616
KYW68,0.38005014475711385
KYW69,1.5901485867241045
KYW70,-0.21362362131598195
KYW71,0.1890999819146351
KYW72,-0.3774718596803205
KYW73,0.05144145971414961
KYW74,1.1512807651062364
KYW75,-0.312365170855162
KYW76,1.2385621219217193
KYW77,1.5261833415797752
KYW78,0.648531229025074
KYW79,0.5771265655148177
KYW80,-0.9073965107637916
KYW81,-0.6948313880590405
KYW82,0.6175115212009309
KYW83,0.46310216402508453
KYW84,-0.6779810817925834
KYW85,-0.8127763180418555
KYW86,-0.45244837461054815
KYW87,1.0888650262113309
KYW88,0.3260767144154617
KYW89,-0.5631453632687758
KYW90,-0.29761980413535344
KYW91,0.17460683269797883
KYW92,1.615696349079224
KYW93,0.23172402012395169
KYW94,-0.6679993248166443
KYW95,-0.8226980470334626
KYW96,-0.8744813999988246
KYW97,-0.38968554490508944
KYW98,-0.2165160356222322
KYW99,2.061547339722049
KYW100,-0.5671490968227182
KYW101,-0.11342563099977246
KYW102,0.1385836126644073
KYW103,2.3538178685166944
KYW104,2.0179254365596355
KYW105,0.7994849522583589
KYW106,1.1839824655301239
KYW107,0.21574580223563172
KYW108,-0.30799420666270483
KYW109,-0.2871982043409375
KYW110,1.4966582901164198
KYW111,0.575836020234679
KYW112,0.6307074656135269
KYW113,1.5810202622767413
KYW114,2.8914504472494866
KYW115,0.9795679379463785
KYW116,-0.9599087585383966
KYW117,1.2416350217296959
KYW118,0.5636595531496069
KYW119,1.2506115937486362
KYW120,-0.3338030351845701
KYW121,1.1541786377630943
KYW122,-0.38619255695512955
KYW123,0.029498420075458442
KYW124,-0.09781688731266747
KYW125,-0.05098453102108795
KYW126,0.8331842685241033
KYW127,-0.45234043966399007
KYW128,0.9718972230523438
KYW129,-0.1596277545738562
KYW130,0.17768125129926543
KYW131,0.3106942490091177
KYW132,0.16036040118130224
KYW133,0.488559004841747
KYW134,-0.13476646243477775
KYW135,-0.6020498079797478
KYW136,0.318821934072408
KYW137,-0.9950653317058111
KYW138,-0.19658815891558698
KYW139,-0.4340817927607927
KYW140,3.534471664846669
KYW141,1.3147328948195856
KYW142,0.12417572445056263
KYW143,1.4064202655720734
KYW144,1.0576676900599635
KYW145,-0.64766468359238
KYW146,-0.7197158586901071
KYW147,-0.9113109227861879
KYW148,0.7617253126858696
KYW149,-2.3520485011510446
KYW150,-1.1187296791346437
KYW151,1.3635144127788998
KYW152,1.0259830849982705
KYW153,-0.7774308204553484
KYW154,-0.40696722650968487
KYW155,-0.12201696809605678
KYW156,0.09905198517692443
KYW157,0.35309877448398086
KYW158,-0.7935255710950975
KYW159,-0.5707574902261007
KYW160,-0.38770118443441476
KYW161,1.7133767140171574
KYW162,1.6605506454377879
KYW163,0.7599027425581589
KYW164,2.463341581586062
KYW165,0.3004806222311354
KYW166,-0.08485411692446387
KYW167,0.6049287755029
KYW168,0.8510573532131149
KYW169,-0.8659769335596472
KYW170,1.140869223598011
KYW171,0.3765799320329007
KYW172,-0.16717364925341732
KYW173,0.41284699844736933
KYW174,-0.8150005665219775
KYW175,1.6252667142663406
KYW176,-0.6763927631908502
KYW177,0.12935470451292042
KYW178,-0.5400393416660356
KYW179,-0.750164821083903
KYW180,-0.3705262228164824
KYW181,-0.011977793035615636
KYW182,3.4566781670431417
KYW183,2.274688202179641
KYW184,1.6230546148472063
KYW185,0.5076992449832125
KYW186,3.573901087771474
KYW187,0.4157508379932219
KYW188,-0.8708680060590762
KYW189,1.0340466112667748
KYW190,-0.4634741749343541
KYW191,0.4791736842970674
KYW192,-0.3466197976535782
KYW193,-1.1491447847449188
KYW194,-0.8678934181902992
KYW195,1.144476030768315
KYW196,-0.7129804677823056
KYW197,1.2688430099313603
KYW198,-1.0783079038274352
KYW199,-0.9529951832802322
KYW200,-0.22512451766153996
KYW201,1.0508910967577587
KYW202,1.5178021269600614
KYW203,1.61998508246977
KYW204,-1.09835763163707
KYW205,-0.9774661950841904
KYW206,-0.07810639499059113
KYW207,-1.1112199395245472
KYW208,-0.05204592078809736
KYW209,0.841285460259608
KYW210,1.6754634270680575
KYW211,1.3171110763271832
KYW212,-0.8790056690698815
KYW213,1.9504855809964492
KYW214,0.3279222147092237
KYW215,0.009014713816295705
KYW216,-0.6516642965271688
KYW217,0.24083071471598524
KYW218,-0.034086091410455224
KYW219,0.15925336196828221
KYW220,0.9641477971374173
KYW221,-1.026780616411485
KYW222,0.05144145971414961
KYW223,2.745774304939275
KYW224,1.2177661251605936
KYW225,0.7123883596101552
KYW226,0.8753282780023982
KYW227,0.1981484778788994
KYW228,-0.5641992481474669
KYW229,-0.6245525998540313
KYW230,2.0913955164701767
KYW231,-0.12492974713601648
KYW232,0.503926758458816
KYW233,-0.7987757710969328
KYW234,-0.7200656745456192
KYW235,0.6524277589564996
KYW236,-0.2404305528074972
KYW237,0.7343795596571528
KYW238,0.5501152903776042
KYW239,-0.5996676644380448
KYW240,0.1922887268258725
KYW241,-0.8502151642089407
KYW242,-0.42433862659758337
KYW243,0.36772551807810694
KYW244,-0.7841523305759729
KYW245,-0.9699788530999686
KYW246,-0.5636788539642172
KYW247,-1.1740779510880999
KYW248,-0.678437903226118
KYW249,-0.4694112219372812
KYW250,0.7451661517394318
KYW251,0.6309432293788377
KYW252,0.8580547818291876
KYW253,-0.3240780966012337
KYW254,-0.46095585564410935
KYW255,-0.6461158662242068
KYW256,-1.7067594784698894
KYW257,-0.07615903130921053
KYW258,1.060597670267692
KYW259,-0.011043110205875561
KYW260,-1.0754314215000647
KYW261,1.0334446010089524
KYW262,-0.30506445789908254
KYW263,-0.04395865933351112
KYW264,-1.0478327142374046
KYW265,0.14247167304658576
KYW266,0.10983930325168284
KYW267,0.948667028342723
KYW268,0.3527556345624493
KYW269,-0.3941522985448861
KYW270,-0.3489741811165107
KYW271,1.6943431816197774
KYW272,0.6153560057535058
KYW273,0.23349171243776667
KYW274,1.6236411211667576
KYW275,-0.265913762694935
KYW276,-0.32541990566163487
KYW277,-0.35764923210072896
KYW278,1.1678915702639652
KYW279,-0.8746949307079543
KYW280,-0.6120892894068832
KYW281,-1.12235075963391
KYW282,0.7282605988444764
KYW283,1.9455483057273126
KYW284,-0.21429285842870294
KYW285,-0.04958787599148351
KYW286,-0.14986052629156202
KYW287,-0.751290129012613
KYW288,-0.3784529540637853
KYW289,-1.012885652858621
KYW290,-0.8652036762153243
KYW291,0.15475394975498244
KYW292,0.894726866023904
KYW293,0.13983036782975306
KYW294,0.29771404743700147
KYW295,-0.8130910885286424
KYW296,0.01779599417944118
KYW297,-0.5848752705375269
KYW298,-0.30027637878790914
KYW299,-1.5812738244175755
KYW300,1.3004627506583764
KYW301,1.3905630214755793
KYW302,-1.112248419435558
KYW303,-0.5755957206382627
KYW304,-0.565041612886707
KYW305,-0.6213546607440334
KYW306,0.6661726416875475
KYW307,0.14678932418953894
KYW308,-0.45858377134634976
KYW309,-0.7341305640104833
KYW310,0.41539766849567394
KYW311,-0.4202931343065804
KYW312,0.19258581267624791
KYW313,0.2771672253288146
KYW314,1.2406721589008929
KYW315,1.0425323260003148
KYW316,-0.7362333320918036
KYW317,-0.39389806718228826
KYW318,-1.0967027489206167
KYW319,1.981032278825829
KYW320,-0.4440135014049131
KYW321,1.1712948811373112
KYW322,2.4490579093732654
KYW323,0.4795001645473867
KYW324,-1.053838168357214
KYW325,-0.8808000836840997
KYW326,-0.5399459030801568
KYW327,0.1871898115649513
KYW328,-0.7058389892437861
KYW329,1.3515123440308345
KYW330,1.0394316124473557
KYW331,0.24664530296092724
KYW332,0.08647133421279346
KYW333,-0.23180596149351085
KYW334,-1.2554138240108854
KYW335,0.9431056895357947
KYW336,-0.8240164655402223
KYW337,1.0865113172871768
KYW338,-0.43815438013547225
KYW339,4.268830038469524
KYW340,-1.1796650103047464
KYW341,-0.8687375732310363
KYW342,-0.5216167615347178
KYW343,-0.44943113034068305
KYW344,1.0687490477991253
KYW345,-0.11288900575858479
KYW346,-0.518970290503803
KYW347,1.3711302713532776
KYW348,1.7544276516344448
KYW349,0.0
KYW350,0.22772410209345528
KYW351,1.0094249420048922
KYW352,-0.7860937333626989
KYW353,-0.203831874692733
KYW354,1.2832239483437076
KYW355,1.4107210468308002
KYW356,0.6190608784243022
KYW357,-0.34642638246188356
KYW358,-0.9073370821320017
KYW359,0.9742531535175523
KYW360,1.1385327865977029
KYW361,0.20752298336253172
KYW362,0.5007014951259184
KYW363,1.7777124043249208
KYW364,1.4184572849987103
KYW365,1.6577282922399488
KYW366,-0.8371897340711696
KYW367,-0.6382608202165634
KYW368,-0.2915375984236577
KYW369,-0.9360506680255263
KYW370,-0.4260761965365505
KYW371,0.46543687791379407
KYW372,-0.9026025693098754
KYW373,-0.6446855612926771
KYW374,-0.48896343253475033
KYW375,0.6300657523724734
KYW376,1.4321460385913047
KYW377,1.151754961419808
KYW378,-0.735907418975079
KYW379,1.0955147450078093
KYW380,-0.15537956496458083
KYW381,-0.05723623208547579
KYW382,1.7354926262429298
KYW383,-0.11618179583519381
KYW384,2.53151307312978
KYW385,0.014866461980887757
KYW386,-0.2531871355190598
KYW387,0.5975222753195875
KYW388,0.7261038425150282
KYW389,-0.08897719770215418
KYW390,0.7825004078892321
KYW391,0.04669225074367722
KYW392,-0.13693623949252673
KYW393,1.7678705338844445
KYW394,-0.34901338687369704
KYW395,0.8419466641327071
KYW396,1.4909172795282997
KYW397,-0.4415952459856372
KYW398,0.6868397614660062
KYW399,-0.4589667447864726
KYW400,2.5944582289911637
KYW401,0.5436777155504138
KYW402,0.15295230620561262
KYW403,1.9565442150735632
KYW404,-0.18836673877613658
KYW405,0.6929180633220365
KYW406,0.10161882968075253
KYW407,-0.3111625768776589
KYW408,-0.4616859639119667
KYW409,-0.3545403050756412
KYW410,-0.7702781792469768
KYW411,-0.31951804139691387
KYW412,-1.1496127686961317
KYW413,-0.376226752721174
KYW414,1.6151340336155107
KYW415,-0.2971041171272512
KYW416,0.0250117656345602
KYW417,1.4819148938501037
KYW418,1.490931876219988
KYW419,0.2771672253288146
KYW420,-0.5701705935853091
KYW421,2.881927113239732
KYW422,1.405296271401001
KYW423,-0.8859205293204582
KYW424,0.14058767731321864
KYW425,1.3123463804649285
KYW426,0.17833176530341116
KYW427,0.18127869308766048
KYW428,0.7712132832223872
KYW429,1.2902556531337652
KYW430,-0.9960937490448876
KYW431,-0.6150294401695975
KYW432,-0.8151710708590878
KYW433,-0.6966365603865505
KYW434,-0.3032265562940656
KYW435,-0.7679362399401847
KYW436,0.37341641708513956
KYW437,-0.4499384069761081
KYW438,-1.1459480063956218
KYW439,-1.104643102351646
KYW440,0.7266234430785979
KYW441,1.8080105133491386
KYW442,-0.34977610592610214
KYW443,0.09809176390695856
KYW444,1.4518848010261687
KYW445,-0.10255203640360877
KYW446,0.5543344506576292
KYW447,0.4094456342142888
KYW448,-0.7390618481648429
KYW449,0.0075743939339474875
KYW450,0.5786620046034401
KYW451,0.043829575893228445
KYW452,0.145021452406771
KYW453,0.35987443114412343
KYW454,-0.1960945058005284
KYW455,0.7485089506226794
KYW456,0.301965372397986
KYW457,3.0512670483940942
KYW458,-0.8465655811932742
KYW459,0.12531257093192194
KYW460,1.8643942886997045
KYW461,2.7080916011426632
KYW462,-0.7845754841743933
KYW463,-0.07185844961439619
KYW464,4.073202739696219
KYW465,-0.6594740992212714
KYW466,-1.2244353712694886
KYW467,-0.8198433968636952
KYW468,-0.6848038446919046
KYW469,0.12063716341761069
KYW470,0.9682607451574282
KYW471,0.215099313775715
KYW472,-0.6845189843186225
KYW473,0.7935314381577354
KYW474,0.44520269238058896
KYW475,-0.8600199287196193
KYW476,-0.8039633847953346
KYW477,0.5325371279877874
KYW478,-0.6025554043375183
KYW479,0.03410254421054848
KYW480,0.3492919688514004
KYW481,3.721498678027402
KYW482,0.0909004290471794
KYW483,0.3481830317741655
KYW484,-0.6614947932501842
KYW485,-0.9983485995924111
KYW486,0.23160529075108433
KYW487,-0.6454627397151593
KYW488,-0.8694501156937736
KYW489,1.1702150393128345
KYW490,-0.7147361823732842
KYW491,-1.0012601053903736
KYW492,-0.8338232328670777
KYW493,0.9768029901072397
KYW494,-1.0638423463519324
KYW495,0.08613044301033329
KYW496,-0.8355843705810346
KYW497,-0.27769998005978747
KYW498,0.18488686873115068
KYW499,0.27575686538157274
KYW500,1.1923987746847082
KYW501,-0.5342044524576982
KYW502,-0.4271903472407532
KYW503,0.2231815712700157
KYW504,1.53077679165918
KYW505,0.10641622430397324
KYW506,1.838737097399788
KYW507,1.3267261994008175
KYW508,-1.02902945361233
KYW509,0.0
KYW510,-1.0023083842502571
KYW511,1.1338257691843596
KYW512,-0.7486835778842086
KYW513,0.025720729857074805
KYW514,0.7550985338544465
KYW515,0.8170297072340449
KYW516,0.5987575451209205
KYW517,-1.0553446675629865
KYW518,-1.1902953988390022
KYW519,0.42183337636919616
KYW520,1.9533544420436826
KYW521,-0.9449496782115578
KYW522,-0.13077691968432562
KYW523,2.219397805067228
KYW524,-0.16589472752303466
KYW525,-0.2770059709052682
KYW526,0.5196069008026064
KYW527,-0.6548240663359417
KYW528,-0.16381760937430034
KYW529,0.7724163761388281
KYW530,1.365131074642302
KYW531,-0.8782933239621324
KYW532,-1.0230067320772658
KYW533,-1.0428448109869548
KYW534,2.273273877372718
KYW535,-0.14563135573791874
KYW536,0.46006228949676536
KYW537,-0.3776323279651173
KYW538,0.4157508379932219
KYW539,1.0328850597506285
KYW540,-0.7407742783780369
KYW541,-0.8629702838950558
KYW542,0.881493876686688
KYW543,1.2126340368737063
KYW544,0.27772924009172106
KYW545,-0.687178155448274
KYW546,1.315728821086851
KYW547,-0.2668131046201041
KYW548,-0.744429355808751
KYW549,-0.8152025526053825
KYW550,0.21784275481115334
KYW551,0.17133677436404893
KYW552,-0.8119539543125764
KYW553,0.4224802981029982
KYW554,-0.05949875367621896
KYW555,-0.7101837778063331
KYW556,1.0062820265308647
KYW557,-0.5024927202510646
KYW558,-1.1124586188216259
KYW559,0.4947287085570461
KYW560,-0.8124329137422367
KYW561,0.6639879434645202
KYW562,0.27800306435746336
KYW563,-0.22168037159708331
KYW564,0.8232197500911711
KYW565,1.8915772668574462
KYW566,0.9453236037807532
KYW567,-0.9455809236370593
KYW568,-0.8533189882714487
KYW569,-0.5101366727119071
KYW570,-1.2650647713882681
KYW571,-0.9760474293872544
KYW572,-0.8991495838964018
KYW573,-1.3008749942371178
KYW574,-0.024729597290984007
KYW575,-0.4378200652384555
KYW576,-0.5161479988253412
KYW577,0.34807746868953476
KYW578,-0.7397827205426649
KYW579,0.05490473031679191
KYW580,-0.46050259673144345
KYW581,-0.7485668486539829
KYW582,-0.7886333326726047
KYW583,-0.8436537920747588
KYW584,-0.10812333750948355
KYW585,2.132979995993847
KYW586,-0.3269919129598111
KYW587,2.1607371861404907
KYW588,-0.07081281938052073
KYW589,3.459751769372337
KYW590,-0.6717509933987001
KYW591,-1.2005180592777844
KYW592,-0.7185978758478134
KYW593,0.5146103190331873
KYW594,-0.845363641501561
KYW595,-0.28927406872623806
KYW596,-0.7609701518140988
KYW597,0.43632233947985366
KYW598,1.1073711110642233
KYW599,-0.6678802992702457
KYW600,-0.9157318732243931
KYW601,0.1354285863639138
KYW602,-0.5516948791873537
KYW603,-0.8852098251200644
KYW604,1.06647302524344
KYW605,-0.082889248192735
KYW606,0.30553552368165815
KYW607,-0.639139000099104
KYW608,1.3920640009713416
KYW609,-0.8804678323457882
KYW610,0.8643322269042748
KYW611,0.41256924429976755
KYW612,0.46701115173779995
KYW613,-0.5351647526286909
KYW614,-1.1512960475188017
KYW615,1.8569972433797206
KYW616,-0.28260599170924516
KYW617,-0.7112961258844599
KYW618,-0.4606893721213608
KYW619,0.8881590731876137
KYW620,-1.0137426610168383
KYW621,-0.9572777947826454
KYW622,-1.2020152493533043
KYW623,-1.3414897987704095
KYW624,-1.1111535553813598
KYW625,-0.6719461795279748
KYW626,-0.7755763892417474
KYW627,-0.3162968351242485
KYW628,-0.7094423461697728
KYW629,-0.7990995022676632
KYW630,-0.24787955887148772
KYW631,0.9287013602607854
KYW632,0.6177675044475279
KYW633,-0.3995131508193943
KYW634,1.365142241394278
KYW635,-0.33439364575010067
KYW636,-0.03024261735402345
KYW637,1.6691682239335703
KYW638,1.5737846357096776
KYW639,1.3599380449886989
KYW640,0.7033323982101474
KYW641,-0.19901461740051324
KYW642,-0.1305920474712783
KYW643,-0.8251421515979456
KYW644,-0.30439105235805886
KYW645,1.08372561996359
KYW646,-0.8356093978588998
KYW647,0.5209408160089406
KYW648,1.262492923929762
KYW649,-0.5680940992753222
KYW650,-0.7068993172637081
KYW651,1.2982409547425056
KYW652,-0.33627570069158075
KYW653,0.0910795358091942
KYW654,-0.8110752735250206
KYW655,-0.8899551476231665
KYW656,-0.6099771728678529
KYW657,0.24307450265497982
KYW658,0.3996138183388498
KYW659,-0.5949000033541811
KYW660,-0.9003954503238775
KYW661,-0.2347714558439994
KYW662,-1.037530297745495
KYW663,1.190665299708649
KYW664,2.5806306818662144
KYW665,0.08843666863484101
KYW666,0.6929180633220365
KYW667,0.5576405900275825
KYW668,-1.2994548543431106
KYW669,0.15950590144062388
KYW670,-0.14549743077216293
KYW671,-0.11833530001729009
KYW672,-0.38014307580081463
KYW673,-0.6755080647366638
KYW674,-0.522353276309723
KYW675,1.384161952815279
KYW676,-0.4542351207215515
KYW677,0.0018053644789997603
KYW678,-0.36877680732961066
KYW679,-0.25348200129614396
KYW680,-1.103984007860927
KYW681,1.853449548419547
KYW682,-0.8582480945841549
KYW683,0.5941766949848915
KYW684,0.8233596925251544
KYW685,0.9822955078698625
KYW686,-0.28178990463138276
KYW687,0.38159193756581183
KYW688,-0.5220792335463327
KYW689,-1.2109854603052994
KYW690,1.254184718341274
KYW691,1.1833231705756295
KYW692,-0.902113378988952
KYW693,-0.6989856402788369
KYW694,-0.2873923942080663
KYW695,-0.14097434932429226
KYW696,-0.48120522783399333
KYW697,-0.6645820437705965
KYW698,-0.8631504623518077
KYW699,-0.6724679984375187
KYW700,1.9553624730031935
KYW701,-0.6696754230630388
KYW702,-0.9560660083521779
KYW703,0.19703358032865964
KYW704,2.977852526976489
KYW705,-0.048895194200639314
KYW706,-0.9401034434580566
KYW707,1.3841961381530004
KYW708,0.022672459894754526
KYW709,-1.1466912942793912
KYW710,-0.42860868239460514
KYW711,0.836811219192134
KYW712,-0.644538594622865
KYW713,-0.860877473137288
KYW714,2.199630095020315
KYW715,1.244934816379494
KYW716,-0.29614810248457124
KYW717,-0.1294816630261134
KYW718,1.8338051177545265
KYW719,-0.35623768260642225
KYW720,-0.3173417861854415
KYW721,-0.494062261103009
KYW722,-1.157850660747482
KYW723,0.7488680621007979
KYW724,-0.5704577661554942
KYW725,0.9150541838208305
KYW726,0.8006638120905156
KYW727,1.2557597176704762
KYW728,-0.09617582692429255
KYW729,1.0090708875704597
KYW730,-0.4269130116930586
KYW731,1.3873354298278031
KYW732,0.5543344506576292
KYW733,4.12926820834909
KYW734,-0.1613913412091469
KYW735,-0.02519856616988192
KYW736,-0.864348065070794
KYW737,1.3326669111566591
KYW738,0.08663702553536362
KYW739,-0.45212556427081463
KYW740,-0.6620768667989243
KYW741,-0.8679670025024215
KYW742,-0.7254830372622676
KYW743,-0.9420044655110155
KYW744,-0.443433335123781
KYW745,0.5639983168196708
KYW746,1.0922159424720554
KYW747,-0.06079762423882967
KYW748,2.238805117553766
KYW749,0.749741275957021
KYW750,-0.5046285520153821
KYW751,0.49524714327122965
KYW752,0.5197816172362075
KYW753,-0.12452227227810264
KYW754,0.29524859294168304
KYW755,0.6372574433278619
KYW756,-0.7503033302710239
KYW757,0.2028716933606342
KYW758,0.6920945735259524
KYW759,-0.7015095319449627
KYW760,2.0062590619671328
KYW761,0.9602859826933484
KYW762,-0.21955590264072827
KYW763,0.34343396292045636
KYW764,-0.38947734083669294
KYW765,-0.7496271843429738
KYW766,-0.8930442426568304
KYW767,0.3629602995178084
KYW768,0.1425021369237247
KYW769,-0.6847590995059166
KYW770,0.5708364386760473
KYW771,0.44563398831076595
KYW772,-0.17114662372948597
KYW773,-0.024463221074165042
KYW774,0.047298519502730306
KYW775,2.0957791687268026
KYW776,0.04213767653451117
KYW777,-0.9432245033212479
KYW778,-0.7101047208652722
KYW779,1.297327621127393
KYW780,-0.8792552690138333
KYW781,-0.8509300555501763
KYW782,-0.4305040272021533
KYW783,0.13014104625564646
KYW784,-1.0648289540634839
KYW785,0.0
KYW786,0.9517476033618477
KYW787,-0.45200498085654706
KYW788,-0.8723906495491693
KYW789,0.279691249212193
KYW790,1.0490670156329196
KYW791,1.354918813432784
KYW792,0.5834794297235113
KYW793,1.606075906373178
KYW794,0.5243789167981074
KYW795,-0.6178767441416171
KYW796,1.0749266117645375
KYW797,-0.307572766151347
KYW798,0.6373948362063551
KYW799,-0.2503918044170336
KYW800,-0.5700340051571593
KYW801,0.36747864438639927
KYW802,0.029541731881192523
KYW803,-0.24688993268083614
KYW804,1.4877605601731636
KYW805,-0.7749845703091163
KYW806,1.360233010874594
KYW807,-0.13280325129531811
KYW808,0.6207067364460406
KYW809,0.11150902161322096
KYW810,1.8169187432272906
KYW811,1.7002596038706759
KYW812,0.07867787988910627
KYW813,-0.22281343805287318
KYW814,0.5108380392569976
KYW815,0.1590077043297642
KYW816,-0.22446559516712827
KYW817,-0.2719609032269656
KYW818,-0.18783462223705538
KYW819,-0.2011354750178791
KYW820,-0.28026166827883325
KYW821,0.2946069230209422
KYW822,-0.8955062494668611
KYW823,0.29096433446557696
KYW824,-0.3355407877139958
KYW825,1.372206445850007
KYW826,-0.5258759392096022
KYW827,-0.49015787688602264
KYW828,-0.1738226919595819
KYW829,0.04203536239802816
KYW830,-0.7855903045590344
KYW831,-0.7945030372757194
KYW832,-0.028978174453416772
KYW833,0.5329436750370214
KYW834,0.7266819417369451
KYW835,-0.47861565923627497
KYW836,0.6962282237899621
KYW837,-0.15765724300537387
KYW838,-0.017434313063591916
KYW839,1.5768863985716253
KYW840,2.814623343206119
KYW841,-0.43872336213180696
KYW842,1.0974955786861704
KYW843,0.012128606176980222
KYW844,0.21557664962215084
KYW845,0.5029444594805985
KYW846,0.319201441802054
KYW847,0.5914240729103166
KYW848,1.771333907504737
KYW849,0.33066145759165944
KYW850,-1.1292132685113694
KYW851,-0.19670628061562107
KYW852,-0.17150785722515116
KYW853,-0.5969913511179523
KYW854,-0.21184779068414
KYW855,1.2988314068011426
KYW856,-0.36452807176104307
KYW857,0.8690887948528554
KYW858,-0.3739090096807628
KYW859,0.024222734075985602
KYW860,0.7039542029461234
KYW861,0.4342608369999166
KYW862,1.0853486625880266
KYW863,-0.3269274525394704
KYW864,-0.4470707685647036
KYW865,0.43639918731612604
KYW866,-0.6127083809624787
KYW867,-0.4544280388578134
KYW868,-0.6353961670257542
KYW869,0.3268699864163401
KYW870,-0.7246286273280043
KYW871,-0.1191958314467384
KYW872,0.9960580725418314
KYW873,-0.43348279661200834
KYW874,-0.3470664808194005
KYW875,1.4023724075743573
KYW876,-0.36499769168599383
KYW877,1.1742204480375893
KYW878,0.25217776535002046
KYW879,0.36105051718999526
KYW880,0.08484044973413862
KYW881,-0.46413786414550634
KYW882,2.0613211652554404
KYW883,-0.17998399930262088
KYW884,0.5684735948143841
KYW885,0.26153045350632126
KYW886,-0.15293485172383903
KYW887,0.6384742299707443
KYW888,0.05658655850636085
KYW889,-0.1339412401248221
KYW890,0.14817303088044909
KYW891,-0.5132282836700575
KYW892,0.11071165438307996
KYW893,1.3350788417096826
KYW894,0.1530902381153737
KYW895,0.18692431550322852
KYW896,-0.4248620464878541
KYW897,0.6887971727391125
KYW898,-0.2307706233014954
KYW899,-0.10274212606166633
KYW900,-0.6196159057551164
KYW901,-0.3123660031287204
KYW902,0.9091759320094999
KYW903,1.8194260474020578
KYW904,-0.28885525873441154
KYW905,-0.15547417554546955
KYW906,0.32420058722568806
KYW907,0.09444262636128181
KYW908,-0.2619184618204835
KYW909,0.5466606524729062
KYW910,-0.3889514959508084
KYW911,0.6736059609120363
KYW912,0.2562524622583402
KYW913,-0.31475475346603
KYW914,-0.41756905997469795
KYW915,0.016331902379370863
KYW916,1.7111295554868948
KYW917,1.4338833564311768
KYW918,0.19772251720713985
KYW919,0.13855039850503925
KYW920,-0.2652311915204758
KYW921,0.23701785280741444
KYW922,0.1487530126809744
KYW923,-0.18525283721823105
KYW924,0.42785327589268807
KYW925,-0.15772324938777108
KYW926,0.3194486784939843
KYW927,-1.0287369439756493
KYW928,1.4193409509035648
KYW929,0.6763598779960998
KYW930,0.6192127958598699
KYW931,-0.39424794854634215
KYW932,-0.32561113389351504
KYW933,0.2570871267707832
KYW934,0.08302986583795985
KYW935,0.08483549103088195
KYW936,1.2204175699986535
KYW937,0.6962219837302471
KYW938,-0.3747171070433015
KYW939,1.3097205973286914
KYW940,1.9206139024470903
KYW941,-0.24999308523972472
KYW942,0.08280082307163272
KYW943,-0.07489001629734643
KYW944,0.20039492963901162
KYW945,0.3281797200499174
KYW946,-0.20855088322813653
KYW947,0.07934149484823261
KYW948,0.7762224207975987
KYW949,-0.49856486349342977
KYW950,0.14892226202131828
KYW951,0.37453855463838714
KYW952,-0.11884313657452561
KYW953,-0.44799879531858594
KYW954,-0.15272532786168902
KYW955,0.9904539927794895
KYW956,0.2546096204101379
KYW957,0.2423544709663945
KYW958,-0.3531861362440629
KYW959,-0.05953515244758134
KYW960,-0.4412158379019564
KYW961,0.2614207337476253
KYW962,0.21077616072591476
KYW963,1.2789963951750196
KYW964,-1.2130643752711487
KYW965,1.5706330366006034
KYW966,-0.7491342407917334
KYW967,-0.6635263485837233
KYW968,0.33782742618317524
KYW969,-0.9433216086042187
KYW970,-1.2372478257576376
KYW971,1.801617495632181
KYW972,1.415157730625615
KYW973,1.3068198362193337
KYW974,-0.3610307798819481
KYW975,0.0
KYW976,0.31750560033887654
KYW977,0.15226285483892477
KYW978,-0.509717468502207
KYW979,-0.9075505755403099
KYW980,1.5742422649678534
KYW981,1.1581235954153137
KYW982,-0.17061669284951952
KYW983,-1.053160102655053
KYW984,0.3114920467471321
KYW985,-0.409006822393768
KYW986,0.04366021423649058
KYW987,0.7919620631024741
KYW988,0.18047903360317916
KYW989,0.3887028332286741
KYW990,1.0965320012144264
KYW991,1.149993789317715
KYW992,0.27750304057953945
KYW993,-0.7180697464993019
KYW994,0.5238775513223791
KYW995,-0.11814972994323458
KYW996,-0.5827884197427918
KYW997,-0.9908123589354106
KYW998,1.385340316125042
KYW999,-0.19136325225568146
KYW1000,-0.352689091812119
KYW1001,0.029175597539515097
KYW1002,0.34149389479902614
KYW1003,0.2771672253288146
KYW1004,-0.45385852235212565
KYW1005,1.6707717990163582
KYW1006,-0.5250282862445519
KYW1007,0.2879539279758625
KYW1008,0.7712307118167733
KYW1009,-0.9239727596976677
KYW1010,0.4637691851412919
KYW1011,0.24850729600611565
KYW1012,-0.6389162838632761
KYW1013,-0.7907423588542946
KYW1014,0.9848785686989743
KYW1015,1.0883816215594637
KYW1016,0.9196763370223895
KYW1017,-1.0600009578143852
KYW1018,-0.28486853556915337
KYW1019,-0.9036376041243015
KYW1020,0.0
KYW1021,0.5119129386017819
KYW1022,0.1385836126644073
KYW1023,1.8685149144087916
KYW1024,0.9457227715215626
KYW1025,1.132643307866076
KYW1026,-0.47563407490206755
KYW1027,3.447862479380663
KYW1028,0.18353690766782105
KYW1029,0.4157508379932219
KYW1030,0.0
KYW1031,-1.143813933105189
KYW1032,-0.12166017365334403
KYW1033,0.6267444025752081
KYW1034,1.4050749521555503
KYW1035,1.7309179821718073
KYW1036,-1.1754857910831078
KYW1037,-0.41499670235316277
KYW1038,-0.6305559696816749
KYW1039,-1.5753756947875281
KYW1040,-0.859716484654518
KYW1041,0.6745569641801599
KYW1042,-0.07018201073694816
KYW1043,2.1180739033966924
KYW1044,-0.9942720352005244
KYW1045,-0.3849903973570578
KYW1046,0.5166927679219688
KYW1047,2.096562250599747
KYW1048,-0.6156441783139417
KYW1049,0.45061496796186495
KYW1050,-0.836950291314176
KYW1051,0.34156746973100927
KYW1052,-0.0528519950796828
KYW1053,1.408188418759464
KYW1054,1.4162437872430513
KYW1055,-0.8692576277168678
KYW1056,0.4865392918692608
KYW1057,2.774110967500057
KYW1058,3.01037160183827
KYW1059,2.121632823917349
KYW1060,0.19894852025127024
KYW1061,-0.127921209999648
KYW1062,0.06415160711516787
KYW1063,-0.5087709344227405
KYW1064,-1.1835036264094856
KYW1065,-0.8241490297052991
KYW1066,1.1627701016718563
KYW1067,0.6798798052050324
KYW1068,-1.3709737382534557
KYW1069,1.0964861254640894
KYW1070,-0.8969353798207405
KYW1071,0.4855335673633239
KYW1072,0.33379514192721316
KYW1073,1.0812290590621005
KYW1074,1.01227656502082
KYW1075,-0.7378732025354006
KYW1076,-0.9091676440259069
KYW1077,-0.5732222609786888
KYW1078,-0.412432261567458
KYW1079,-0.3252029933066416
KYW1080,0.19250379120161676
KYW1081,0.3860208963022129
KYW1082,5.381117314433302
KYW1083,1.8231822491299623
KYW1084,0.2771672253288146
KYW1085,0.4069301043445831
KYW1086,-0.8453278362905179
KYW1087,2.1499184456822586
KYW1088,0.3252996916844969
KYW1089,-1.1040792255999523
KYW1090,-0.7442356380232072
KYW1091,-0.29566592618883036
KYW1092,-0.06745034373069031
KYW1093,1.3494568225513908
KYW1094,2.11380544992303
KYW1095,0.3302091776802387
KYW1096,1.2646131371531313
KYW1097,0.4406550379838513
KYW1098,-1.1380661509706054
KYW1099,-0.7042822479802843
KYW1100,0.4157508379932219
KYW1101,-0.6490857745710901
KYW1102,-0.21760354633896417
KYW1103,0.9014931788270321
KYW1104,-0.7444478502265424
KYW1105,-1.0951597248820335
KYW1106,-0.3242296320688094
KYW1107,-0.22633169020650784
KYW1108,-1.0792163779879174
KYW1109,1.19203057582875
KYW1110,-0.6469050913978007
KYW1111,0.5140378676635331
KYW1112,-0.2005397561865354
KYW1113,0.16525233889986501
KYW1114,-0.6580161161697058
KYW1115,-0.4924155757325924
KYW1116,-0.4490337725627419
KYW1117,-0.5347511201218756
KYW1118,1.2085944247017772
KYW1119,0.8701331325023334
KYW1120,-0.779779725662481
KYW1121,-0.8457811957534997
KYW1122,-0.7338156247698486
KYW1123,1.4766977688214533
KYW1124,2.603226852061592
KYW1125,1.4947205810946023
KYW1126,-0.5631524241490126
KYW1127,-0.5255377615145176
KYW1128,1.6245338955780606
KYW1129,-0.0708103777615336
KYW1130,1.1604007459811418
KYW1131,2.1155590415121748
KYW1132,0.12639972802752933
KYW1133,-0.901823539440855
KYW1134,-0.9560334117930913
KYW1135,-0.9532493291197919
KYW1136,0.6529982098059034
KYW1137,-0.04928029199873829
KYW1138,0.12342725087688838
KYW1139,-1.1418181797929918
KYW1140,-0.29460376427634716
KYW1141,0.37561573480385335
KYW1142,0.6842072280883661
KYW1143,-0.14485655686214935
KYW1144,-0.27828581550264064
KYW1145,1.615856727960278
KYW1146,0.6042206475995336
KYW1147,1.592816461268821
KYW1148,1.0456640443763197
KYW1149,0.0807369608343016
KYW1150,-0.33959086799007165
KYW1151,0.9804465767367709
KYW1152,0.6157603949220564
KYW1153,0.0585911921368589
KYW1154,0.4329598091500909
KYW1155,-0.5246876970677977
KYW1156,-1.0545321138418755
KYW1157,1.2767036228057402
KYW1158,-0.7594360508204893
KYW1159,-0.9920239580818256
KYW1160,-0.3321408867899117
KYW1161,-1.0698096226430764
KYW1162,-0.6991727999422499
KYW1163,-0.9348670719588568
KYW1164,-0.35847789171225425
KYW1165,-0.45748913598295393
KYW1166,0.4738626998009179
KYW1167,1.6103268257498382
KYW1168,0.23444077579674094
KYW1169,1.619345980901465
KYW1170,4.251840165928606
KYW1171,0.18544804152276695
KYW1172,-0.7787402815812601
KYW1173,0.10498918777256261
KYW1174,0.7555346046406495
KYW1175,0.718334392988479
KYW1176,1.6581756484839878
KYW1177,0.1992458242970627
KYW1178,0.0
KYW1179,0.6115094028632037
KYW1180,0.5543344506576292
KYW1181,0.6929180633220365
KYW1182,2.171301282252152
KYW1183,0.0
KYW1184,0.2771672253288146
KYW1185,0.0
KYW1186,0.4157508379932219
KYW1187,0.1385836126644073
KYW1188,0.4157508379932219
KYW1189,0.2771672253288146
KYW1190,0.2718286400236456
KYW1191,0.3859013426870279
KYW1192,0.5206039428703685
KYW1193,1.7225569098052775
